epoch,step,train_loss_batch_step
0,49,0.19399043917655945
0,99,0.36043670773506165
